Name	Completeness	Contamination	Completeness_Model_Used	Translation_Table_Used	Coding_Density	Contig_N50	Average_Gene_Length	Genome_Size	GC_Content	Total_Coding_Sequences	Total_Contigs	Max_Contig_Length	Additional_Notes
rosella_refined_0_10	9.11	0.0	Neural Network (Specific Model)	11	0.888	154060	308.35820895522386	278481	0.47	268	20	154060	None
rosella_refined_0_101	5.9	0.01	Neural Network (Specific Model)	11	0.843	6066	243.16465863453814	215054	0.68	249	44	17416	None
rosella_refined_0_103	8.14	0.08	Neural Network (Specific Model)	11	0.931	134505	326.6806722689076	250107	0.59	238	3	134505	None
rosella_refined_0_104	6.74	0.01	Neural Network (Specific Model)	11	0.855	12077	268.4894736842105	357180	0.52	380	36	108786	None
rosella_refined_0_105	5.53	0.0	Neural Network (Specific Model)	11	0.873	4069	283.10655737704917	237046	0.69	244	65	17598	None
rosella_refined_0_106	8.17	0.0	Neural Network (Specific Model)	11	0.865	15996	291.36641221374043	396044	0.61	393	38	42723	None
rosella_refined_0_108	9.31	0.56	Neural Network (Specific Model)	11	0.894	88325	321.8745519713262	300862	0.54	279	12	95561	None
rosella_refined_0_11	12.0	0.04	Neural Network (Specific Model)	11	0.895	392170	346.40189125295507	490624	0.42	423	3	392170	None
rosella_refined_0_110	10.2	0.0	Neural Network (Specific Model)	11	0.9	28272	312.5313432835821	348073	0.58	335	29	93736	None
rosella_refined_0_111	7.1	0.0	Neural Network (Specific Model)	11	0.897	11497	250.5	241962	0.51	290	21	93465	None
rosella_refined_0_113	5.2	0.0	Neural Network (Specific Model)	11	0.901	16004	285.84249084249086	259078	0.57	273	24	91726	None
rosella_refined_0_114	10.11	0.03	Neural Network (Specific Model)	11	0.894	8756	260.6675392670157	333908	0.71	382	58	20830	None
rosella_refined_0_116	12.72	0.02	Neural Network (Specific Model)	11	0.888	27769	316.00281690140844	378663	0.58	355	15	91098	None
rosella_refined_0_117	7.51	0.03	Neural Network (Specific Model)	11	0.877	32182	299.5687022900763	267884	0.54	262	11	37021	None
rosella_refined_0_118	10.11	0.0	Neural Network (Specific Model)	11	0.865	11314	299.57462686567163	277204	0.55	268	30	43432	None
rosella_refined_0_119	15.93	0.02	Neural Network (Specific Model)	11	0.882	20457	263.7083926031294	629052	0.63	703	58	62571	None
rosella_refined_0_12	74.09	0.13	Neural Network (Specific Model)	11	0.887	136652	316.3950842057351	2348386	0.51	2197	33	427441	None
rosella_refined_0_120	8.18	0.0	Neural Network (Specific Model)	11	0.883	31071	269.3044776119403	305860	0.65	335	19	86329	None
rosella_refined_0_121	5.86	0.0	Neural Network (Specific Model)	11	0.851	14287	271.8474576271187	226011	0.59	236	26	49879	None
rosella_refined_0_122	11.08	0.01	Neural Network (Specific Model)	11	0.887	25067	290.71830985915494	348697	0.63	355	27	45932	None
rosella_refined_0_123	6.14	0.0	Neural Network (Specific Model)	11	0.898	22967	373.7797619047619	209546	0.62	168	18	32242	None
rosella_refined_0_124	6.88	0.02	Neural Network (Specific Model)	11	0.904	11654	302.07719298245615	284553	0.42	285	29	86200	None
rosella_refined_0_125	9.19	0.29	Neural Network (Specific Model)	11	0.866	4775	246.11013215859032	386294	0.62	454	92	33391	None
rosella_refined_0_126	9.3	0.0	Neural Network (Specific Model)	11	0.871	18605	289.9709090909091	273927	0.63	275	21	35843	None
rosella_refined_0_127	40.71	0.0	Neural Network (Specific Model)	11	0.907	41595	292.8142493638677	760226	0.67	786	31	84452	None
rosella_refined_0_128	9.37	0.06	Neural Network (Specific Model)	11	0.9	13731	301.9397993311037	300301	0.45	299	25	84388	None
rosella_refined_0_130	7.64	0.0	Neural Network (Specific Model)	11	0.914	41734	310.488038277512	211936	0.53	209	15	83259	None
rosella_refined_0_132	6.45	0.23	Neural Network (Specific Model)	11	0.876	23523	339.3181818181818	203945	0.63	176	11	40994	None
rosella_refined_0_133	12.48	0.0	Neural Network (Specific Model)	11	0.898	27806	235.08396946564886	307593	0.33	393	26	79993	None
rosella_refined_0_134	9.49	0.0	Neural Network (Specific Model)	11	0.856	5608	246.35772357723576	212113	0.7	246	47	14578	None
rosella_refined_0_135	4.81	0.0	Neural Network (Specific Model)	11	0.882	75838	355.39884393063585	208912	0.44	173	9	79295	None
rosella_refined_0_137	5.5	0.0	Neural Network (Specific Model)	11	0.902	39562	326.93055555555554	234441	0.59	216	9	64186	None
rosella_refined_0_138	7.63	0.0	Neural Network (Specific Model)	11	0.917	33861	308.0837209302326	216213	0.58	215	7	43723	None
rosella_refined_0_139	18.82	0.0	Neural Network (Specific Model)	11	0.896	33542	315.87524366471735	541836	0.55	513	28	74386	None
rosella_refined_0_14	18.26	1.18	Neural Network (Specific Model)	11	0.922	63298	341.8486590038314	580217	0.53	522	14	93509	None
rosella_refined_0_141	7.93	0.02	Neural Network (Specific Model)	11	0.848	30077	266.83846153846156	244936	0.53	260	23	49640	None
rosella_refined_0_142	14.9	0.01	Neural Network (Specific Model)	11	0.885	14131	252.6232394366197	485100	0.67	568	61	73315	None
rosella_refined_0_144	5.74	0.0	Neural Network (Specific Model)	11	0.86	7615	278.63374485596705	235578	0.54	243	30	68441	None
rosella_refined_0_145	9.43	0.0	Neural Network (Specific Model)	11	0.891	18254	307.2968369829684	424347	0.58	411	36	39710	None
rosella_refined_0_148	26.54	0.01	Neural Network (Specific Model)	11	0.918	29631	323.86386138613864	853833	0.33	808	63	62154	None
rosella_refined_0_149	12.48	0.0	Neural Network (Specific Model)	11	0.914	17717	326.510989010989	389654	0.33	364	37	60109	None
rosella_refined_0_15	46.91	0.06	Neural Network (Specific Model)	11	0.916	90645	350.31641468682506	1060848	0.53	926	19	240116	None
rosella_refined_0_150	7.59	0.0	Neural Network (Specific Model)	11	0.863	3918	224.81471389645776	285944	0.75	367	85	12356	None
rosella_refined_0_151	6.09	0.0	Neural Network (Specific Model)	11	0.852	5523	237.03937007874015	211403	0.65	254	45	14229	None
rosella_refined_0_152	4.42	0.0	Neural Network (Specific Model)	11	0.824	7971	269.22222222222223	202071	0.49	207	27	57550	None
rosella_refined_0_153	9.62	0.0	Neural Network (Specific Model)	11	0.876	26557	297.078431372549	258697	0.57	255	17	55972	None
rosella_refined_0_155	13.57	0.06	Neural Network (Specific Model)	11	0.877	5432	241.90527448869753	766596	0.53	929	165	31747	None
rosella_refined_0_156	8.67	0.0	Neural Network (Specific Model)	11	0.882	24639	312.5194508009153	464138	0.57	437	30	55177	None
rosella_refined_0_157	6.68	0.04	Neural Network (Specific Model)	11	0.887	10392	276.90432098765433	302108	0.56	324	38	37382	None
rosella_refined_0_159	69.89	2.06	Neural Network (Specific Model)	11	0.894	22749	242.0	719216	0.43	889	55	51693	None
rosella_refined_0_16	9.93	0.0	Neural Network (Specific Model)	11	0.905	4967	256.9505300353357	239806	0.49	283	55	15822	None
rosella_refined_0_160	5.43	0.0	Neural Network (Specific Model)	11	0.86	8858	312.81404958677683	263485	0.56	242	36	35799	None
rosella_refined_0_161	4.9	0.02	Neural Network (Specific Model)	11	0.882	10975	319.36898395721926	202694	0.54	187	20	50007	None
rosella_refined_0_162	7.5	0.01	Neural Network (Specific Model)	11	0.911	22397	320.8445595854922	203654	0.53	193	14	33037	None
rosella_refined_0_163	10.96	0.02	Neural Network (Specific Model)	11	0.872	6136	292.38268792710704	441090	0.66	439	94	27936	None
rosella_refined_0_164	6.56	0.05	Neural Network (Specific Model)	11	0.872	14173	298.36728395061726	331909	0.43	324	33	40581	None
rosella_refined_0_165	10.48	0.0	Neural Network (Specific Model)	11	0.9	12224	302.8065843621399	488963	0.54	486	65	49922	None
rosella_refined_0_166	8.76	0.03	Neural Network (Specific Model)	11	0.893	6133	241.7871287128713	327740	0.71	404	68	18282	None
rosella_refined_0_168	9.42	0.0	Neural Network (Specific Model)	11	0.929	28893	310.37007874015745	254102	0.31	254	14	49298	None
rosella_refined_0_17	8.99	0.0	Neural Network (Specific Model)	11	0.877	18503	253.3575129533679	333960	0.61	386	31	48205	None
rosella_refined_0_170	8.84	0.04	Neural Network (Specific Model)	11	0.883	5579	246.92084432717678	316830	0.65	379	67	41568	None
rosella_refined_0_171	6.71	0.0	Neural Network (Specific Model)	11	0.895	18455	286.8340611353712	219650	0.44	229	23	42479	None
rosella_refined_0_172	7.13	0.0	Neural Network (Specific Model)	11	0.875	9398	273.7991631799163	224183	0.71	239	33	34054	None
rosella_refined_0_179	7.02	0.0	Neural Network (Specific Model)	11	0.853	5240	280.98173515981733	216054	0.66	219	42	12746	None
rosella_refined_0_19	11.16	0.18	Neural Network (Specific Model)	11	0.881	14658	294.93356643356645	286794	0.63	286	25	36199	None
rosella_refined_0_20	7.88	0.0	Neural Network (Specific Model)	11	0.915	28766	337.63849765258215	235460	0.55	213	10	65843	None
rosella_refined_0_200	9.41	0.0	Neural Network (Specific Model)	11	0.855	8974	325.32492113564666	361476	0.66	317	47	34302	None
rosella_refined_0_209	8.04	0.0	Neural Network (Specific Model)	11	0.861	4357	229.9486166007905	202592	0.68	253	47	27928	None
rosella_refined_0_21	15.6	0.36	Neural Network (Specific Model)	11	0.903	4019	278.3386167146974	641071	0.59	694	161	35927	None
rosella_refined_0_217	6.73	0.0	Neural Network (Specific Model)	11	0.91	6896	269.9029535864979	210368	0.7	237	37	17686	None
rosella_refined_0_224	8.74	0.04	Neural Network (Specific Model)	11	0.827	10293	290.9342105263158	240441	0.63	228	27	30689	None
rosella_refined_0_227	10.49	0.04	Neural Network (Specific Model)	11	0.899	12431	292.7138364779874	310215	0.68	318	36	32959	None
rosella_refined_0_23	8.55	0.0	Neural Network (Specific Model)	11	0.899	19577	362.7344398340249	291291	0.54	241	20	45746	None
rosella_refined_0_234	7.37	0.0	Neural Network (Specific Model)	11	0.846	9394	252.63369963369962	244466	0.67	273	40	18373	None
rosella_refined_0_24	19.4	0.0	Neural Network (Specific Model)	11	0.853	4175	244.97547683923705	631151	0.65	734	161	39469	None
rosella_refined_0_25	33.41	2.85	Neural Network (Specific Model)	11	0.874	8624	262.89824304538797	1229777	0.64	1366	209	43441	None
rosella_refined_0_260	7.55	0.0	Neural Network (Specific Model)	11	0.834	6545	275.84429065743944	286435	0.65	289	49	15028	None
rosella_refined_0_261	10.07	0.0	Neural Network (Specific Model)	11	0.831	11272	255.11617312072892	404174	0.68	439	49	30485	None
rosella_refined_0_276	4.19	0.0	Neural Network (Specific Model)	4	0.866	7804	281.4672131147541	236589	0.48	244	33	16035	None
rosella_refined_0_279	6.9	0.0	Neural Network (Specific Model)	11	0.879	6131	297.0775510204082	247817	0.66	245	46	45576	None
rosella_refined_0_28	9.43	0.0	Neural Network (Specific Model)	11	0.893	28709	275.9929328621908	261997	0.66	283	15	44523	None
rosella_refined_0_280	6.63	0.06	Neural Network (Specific Model)	11	0.839	5500	245.84984025559106	274292	0.62	313	57	17487	None
rosella_refined_0_288	5.96	0.0	Neural Network (Specific Model)	11	0.862	7845	253.61371841155236	244109	0.63	277	38	24441	None
rosella_refined_0_29	19.44	0.01	Neural Network (Specific Model)	11	0.893	18968	258.0175438596491	246775	0.43	285	17	56461	None
rosella_refined_0_3	12.33	0.0	Neural Network (Specific Model)	11	0.891	68115	324.9345238095238	366995	0.52	336	11	115801	None
rosella_refined_0_309	10.02	0.0	Neural Network (Specific Model)	11	0.89	11606	271.7593457943925	391691	0.71	428	48	31679	None
rosella_refined_0_319	8.37	0.0	Neural Network (Specific Model)	11	0.834	12297	266.493006993007	273992	0.62	286	30	20660	None
rosella_refined_0_32	5.51	0.0	Neural Network (Specific Model)	11	0.862	7084	299.12820512820514	202725	0.62	195	34	22250	None
rosella_refined_0_320	7.01	0.0	Neural Network (Specific Model)	11	0.786	9912	313.40291262135923	246068	0.43	206	30	27087	None
rosella_refined_0_321	6.77	0.0	Neural Network (Specific Model)	11	0.829	7287	214.56159420289856	213634	0.67	276	41	38380	None
rosella_refined_0_322	9.4	0.01	Neural Network (Specific Model)	11	0.882	5939	261.6184738955823	221284	0.69	249	44	12618	None
rosella_refined_0_36	42.6	3.91	Neural Network (Specific Model)	11	0.89	11588	271.085	1276380	0.66	1400	174	46305	None
rosella_refined_0_367	7.66	0.0	Neural Network (Specific Model)	11	0.876	6644	261.9871244635193	208807	0.71	233	44	11867	None
rosella_refined_0_368	66.65	18.61	Neural Network (Specific Model)	11	0.872	4549	251.0900388098318	3332166	0.66	3865	829	39822	None
rosella_refined_0_369	5.38	0.0	Neural Network (Specific Model)	11	0.824	12523	283.91469194312793	217832	0.67	211	23	48800	None
rosella_refined_0_37	4.84	0.0	Neural Network (Specific Model)	11	0.875	15980	275.07438016528926	228101	0.72	242	25	39845	None
rosella_refined_0_370	5.87	0.01	Neural Network (Specific Model)	11	0.837	8972	300.4675925925926	232682	0.66	216	35	25360	None
rosella_refined_0_371	8.11	0.0	Neural Network (Specific Model)	11	0.847	8925	242.29787234042553	241787	0.69	282	40	17999	None
rosella_refined_0_372	8.42	0.0	Neural Network (Specific Model)	11	0.82	6819	226.37777777777777	260795	0.66	315	50	21884	None
rosella_refined_0_373	5.14	0.0	Neural Network (Specific Model)	11	0.88	15777	294.76444444444445	225605	0.62	225	25	48442	None
rosella_refined_0_374	8.77	0.0	Neural Network (Specific Model)	11	0.928	9561	321.13145539906105	220718	0.35	213	25	43108	None
rosella_refined_0_375	7.31	0.0	Neural Network (Specific Model)	11	0.898	7041	277.57086614173227	235186	0.56	254	38	20970	None
rosella_refined_0_376	6.57	0.0	Neural Network (Specific Model)	11	0.924	7685	282.8818181818182	201781	0.35	220	33	23474	None
rosella_refined_0_377	6.83	0.05	Neural Network (Specific Model)	11	0.892	7775	281.2943925233645	202307	0.41	214	32	11051	None
rosella_refined_0_378	9.9	0.02	Neural Network (Specific Model)	11	0.916	14455	348.63973063973066	338538	0.43	297	32	34899	None
rosella_refined_0_379	5.27	0.02	Neural Network (Specific Model)	11	0.836	9987	236.875	270425	0.51	320	29	47894	None
rosella_refined_0_381	5.13	0.06	Neural Network (Specific Model)	11	0.813	6015	223.28861788617886	201939	0.58	246	35	29221	None
rosella_refined_0_382	6.51	0.01	Neural Network (Specific Model)	11	0.821	21618	255.99163179916317	223016	0.55	239	18	47809	None
rosella_refined_0_383	9.04	0.01	Neural Network (Specific Model)	11	0.921	4248	253.10238095238094	345008	0.38	420	79	45472	None
rosella_refined_0_384	8.07	0.0	Neural Network (Specific Model)	11	0.879	3946	251.78445229681978	242766	0.65	283	69	9736	None
rosella_refined_0_386	6.95	0.0	Neural Network (Specific Model)	11	0.887	18578	282.96084337349396	316905	0.44	332	24	41347	None
rosella_refined_0_388	11.84	0.06	Neural Network (Specific Model)	11	0.876	10055	274.5450450450451	416920	0.63	444	55	35460	None
rosella_refined_0_389	6.64	0.01	Neural Network (Specific Model)	11	0.861	15845	270.4162679425837	392955	0.5	418	37	40277	None
rosella_refined_0_39	6.78	0.08	Neural Network (Specific Model)	11	0.859	6785	281.9935897435897	306851	0.48	312	44	33439	None
rosella_refined_0_390	11.6	0.0	Neural Network (Specific Model)	11	0.866	12141	252.1984126984127	329311	0.66	378	37	24625	None
rosella_refined_0_391	8.07	0.0	Neural Network (Specific Model)	11	0.876	29917	338.94584837545125	320481	0.59	277	22	40239	None
rosella_refined_0_393	4.72	0.0	Neural Network (Specific Model)	11	0.844	8229	286.432	253437	0.52	250	34	24630	None
rosella_refined_0_394	5.82	0.01	Neural Network (Specific Model)	11	0.895	4597	265.44444444444446	223529	0.65	252	55	39269	None
rosella_refined_0_395	5.86	0.0	Neural Network (Specific Model)	11	0.876	8389	293.235	200164	0.49	200	27	15966	None
rosella_refined_0_396	10.59	0.03	Neural Network (Specific Model)	11	0.864	4789	226.92122186495178	489091	0.65	622	112	25163	None
rosella_refined_0_397	6.34	0.01	Neural Network (Specific Model)	11	0.917	19953	239.40462427745663	270113	0.37	346	25	38906	None
rosella_refined_0_398	10.51	0.0	Neural Network (Specific Model)	11	0.89	15715	309.43333333333334	499706	0.58	480	41	37376	None
rosella_refined_0_399	7.73	0.03	Neural Network (Specific Model)	11	0.905	7357	241.63837638376384	215794	0.43	271	29	21152	None
rosella_refined_0_4	21.71	0.0	Neural Network (Specific Model)	11	0.908	405597	376.44147157190633	743127	0.43	598	6	405597	None
rosella_refined_0_400	9.62	0.07	Neural Network (Specific Model)	11	0.895	12869	314.11590296495956	390135	0.62	371	46	38005	None
rosella_refined_0_402	7.03	0.01	Neural Network (Specific Model)	11	0.881	5338	275.71757925072046	325330	0.57	347	65	37653	None
rosella_refined_0_405	6.91	0.03	Neural Network (Specific Model)	11	0.882	8341	315.4162679425837	223902	0.48	209	30	37053	None
rosella_refined_0_407	8.55	0.0	Neural Network (Specific Model)	11	0.857	30056	339.64285714285717	365456	0.61	308	20	36885	None
rosella_refined_0_408	4.81	0.0	Neural Network (Specific Model)	11	0.853	10392	283.2421875	254345	0.48	256	28	32823	None
rosella_refined_0_410	7.63	0.02	Neural Network (Specific Model)	11	0.848	8510	259.5855421686747	380113	0.59	415	48	32871	None
rosella_refined_0_411	10.59	0.22	Neural Network (Specific Model)	11	0.901	4030	240.1449704142012	269492	0.35	338	74	9938	None
rosella_refined_0_412	4.56	0.0	Neural Network (Specific Model)	11	0.862	7765	288.62910798122067	212795	0.58	213	32	27072	None
rosella_refined_0_413	7.06	0.12	Neural Network (Specific Model)	11	0.828	8449	285.93224932249325	381712	0.53	369	51	24594	None
rosella_refined_0_414	15.92	0.11	Neural Network (Specific Model)	11	0.867	5079	262.9122807017544	362532	0.67	399	82	18531	None
rosella_refined_0_415	11.14	0.0	Neural Network (Specific Model)	11	0.912	14938	284.06609195402297	324553	0.41	348	38	24542	None
rosella_refined_0_416	7.66	0.0	Neural Network (Specific Model)	11	0.863	8810	309.6776859504132	259740	0.59	242	32	35741	None
rosella_refined_0_417	8.74	0.01	Neural Network (Specific Model)	11	0.905	5618	272.0754189944134	322261	0.37	358	59	32805	None
rosella_refined_0_418	11.16	0.54	Neural Network (Specific Model)	11	0.857	7880	295.1376673040153	539809	0.64	523	87	35709	None
rosella_refined_0_419	7.41	0.06	Neural Network (Specific Model)	11	0.889	19374	304.75581395348837	264908	0.68	258	20	35577	None
rosella_refined_0_42	8.13	0.0	Neural Network (Specific Model)	11	0.839	8525	292.46	313094	0.56	300	44	31760	None
rosella_refined_0_420	6.58	0.0	Neural Network (Specific Model)	11	0.818	9715	237.98773006134968	283188	0.36	326	40	27842	None
rosella_refined_0_421	20.68	0.14	Neural Network (Specific Model)	11	0.904	5532	278.86222558667674	1216727	0.51	1321	272	35108	None
rosella_refined_0_422	6.63	0.01	Neural Network (Specific Model)	11	0.871	2981	243.54152823920265	252044	0.63	301	82	11600	None
rosella_refined_0_423	8.2	0.0	Neural Network (Specific Model)	11	0.911	11005	322.9846153846154	207102	0.56	195	24	19966	None
rosella_refined_0_424	11.23	0.1	Neural Network (Specific Model)	11	0.913	4522	270.406162464986	316529	0.39	357	70	32262	None
rosella_refined_0_425	7.31	0.05	Neural Network (Specific Model)	11	0.874	6304	307.35568513119534	361244	0.64	343	70	35046	None
rosella_refined_0_427	4.66	0.0	Neural Network (Specific Model)	11	0.873	5777	260.9732142857143	200262	0.56	224	31	32376	None
rosella_refined_0_428	8.14	0.01	Neural Network (Specific Model)	11	0.893	8361	304.7470588235294	347438	0.54	340	63	34002	None
rosella_refined_0_429	6.6	0.0	Neural Network (Specific Model)	11	0.91	15404	306.89285714285717	254437	0.58	252	19	34251	None
rosella_refined_0_43	6.75	0.0	Neural Network (Specific Model)	11	0.856	7731	278.1042471042471	251735	0.56	259	41	28328	None
rosella_refined_0_430	7.97	0.0	Neural Network (Specific Model)	11	0.909	7131	304.00444444444446	225262	0.38	225	37	20716	None
rosella_refined_0_432	20.22	0.95	Neural Network (Specific Model)	11	0.854	7444	279.83640836408364	798187	0.63	813	134	34021	None
rosella_refined_0_434	8.41	0.0	Neural Network (Specific Model)	11	0.805	12120	290.19730941704034	241156	0.43	223	27	30840	None
rosella_refined_0_436	6.58	0.0	Neural Network (Specific Model)	11	0.931	8110	306.05150214592277	229432	0.36	233	33	19662	None
rosella_refined_0_437	8.21	0.0	Neural Network (Specific Model)	11	0.896	5708	273.7820163487738	335312	0.6	367	63	33342	None
rosella_refined_0_438	6.02	0.0	Neural Network (Specific Model)	11	0.908	10107	306.1535269709544	243405	0.43	241	28	22462	None
rosella_refined_0_439	7.16	0.0	Neural Network (Specific Model)	11	0.91	23723	317.1380952380952	219069	0.57	210	14	31898	None
rosella_refined_0_441	7.2	0.05	Neural Network (Specific Model)	11	0.857	5616	237.95705521472394	270657	0.5	326	46	15275	None
rosella_refined_0_442	4.88	0.0	Neural Network (Specific Model)	11	0.877	27542	368.84615384615387	229486	0.66	182	19	33142	None
rosella_refined_0_443	9.41	0.0	Neural Network (Specific Model)	11	0.919	6761	316.1926605504587	224554	0.56	218	35	32555	None
rosella_refined_0_445	9.33	0.0	Neural Network (Specific Model)	11	0.898	7694	275.8374558303887	260277	0.61	283	42	32295	None
rosella_refined_0_446	7.24	0.43	Neural Network (Specific Model)	11	0.916	5734	289.95571955719555	256827	0.38	271	45	27085	None
rosella_refined_0_447	8.32	0.0	Neural Network (Specific Model)	11	0.916	7152	274.68924302788844	225165	0.47	251	36	25502	None
rosella_refined_0_448	9.36	0.0	Neural Network (Specific Model)	11	0.93	15289	315.89338235294116	276286	0.43	272	25	31422	None
rosella_refined_0_449	6.29	0.0	Neural Network (Specific Model)	11	0.863	8311	288.88317757009344	214523	0.51	214	30	31085	None
rosella_refined_0_45	6.17	0.0	Neural Network (Specific Model)	11	0.806	17464	314.7528735632184	203589	0.42	174	18	53467	None
rosella_refined_0_451	6.43	0.09	Neural Network (Specific Model)	11	0.88	13243	333.82671480144404	314177	0.59	277	36	30930	None
rosella_refined_0_452	8.67	0.01	Neural Network (Specific Model)	11	0.864	8481	283.9812030075188	261860	0.51	266	32	18196	None
rosella_refined_0_453	7.59	0.27	Neural Network (Specific Model)	11	0.922	3801	238.36879432624113	218066	0.35	282	59	10451	None
rosella_refined_0_454	15.55	0.49	Neural Network (Specific Model)	11	0.883	4806	268.00405405405405	672229	0.59	740	148	30186	None
rosella_refined_0_455	8.0	0.0	Neural Network (Specific Model)	11	0.882	11828	282.40776699029124	394589	0.56	412	41	26364	None
rosella_refined_0_456	6.14	0.0	Neural Network (Specific Model)	11	0.895	5319	229.95989304812835	286743	0.49	374	61	29693	None
rosella_refined_0_457	6.47	0.0	Neural Network (Specific Model)	11	0.919	11089	346.17391304347825	233594	0.4	207	25	23826	None
rosella_refined_0_458	12.6	0.54	Neural Network (Specific Model)	11	0.895	6279	264.7726432532348	478987	0.57	541	95	29260	None
rosella_refined_0_459	4.44	0.0	Neural Network (Specific Model)	11	0.894	15644	300.3090909090909	221088	0.59	220	20	26079	None
rosella_refined_0_46	19.84	0.0	Neural Network (Specific Model)	11	0.876	87015	291.16042267050915	1036841	0.5	1041	22	326431	None
rosella_refined_0_460	6.32	0.13	Neural Network (Specific Model)	11	0.892	7557	256.7970479704797	233292	0.48	271	41	26656	None
rosella_refined_0_461	4.84	0.02	Neural Network (Specific Model)	11	0.897	10508	256.13003095975233	275413	0.5	323	33	26457	None
rosella_refined_0_463	8.89	0.02	Neural Network (Specific Model)	11	0.898	8861	285.23758865248226	268095	0.5	282	38	26149	None
rosella_refined_0_464	6.29	0.0	Neural Network (Specific Model)	11	0.874	4950	246.29591836734693	248035	0.64	294	56	14021	None
rosella_refined_0_465	7.6	0.01	Neural Network (Specific Model)	11	0.913	7718	308.0206896551724	292902	0.37	290	45	25957	None
rosella_refined_0_466	6.58	0.0	Neural Network (Specific Model)	11	0.907	11173	290.3607305936073	209688	0.56	219	25	19583	None
rosella_refined_0_467	6.84	0.0	Neural Network (Specific Model)	11	0.894	4506	252.49526813880126	267716	0.63	317	66	15884	None
rosella_refined_0_468	7.57	0.01	Neural Network (Specific Model)	11	0.891	3221	264.2417218543046	267810	0.65	302	84	24655	None
rosella_refined_0_47	6.58	0.0	Neural Network (Specific Model)	11	0.857	8187	260.97740112994353	322487	0.61	354	46	25050	None
rosella_refined_0_470	7.02	0.0	Neural Network (Specific Model)	11	0.924	9137	344.4533333333333	251269	0.38	225	35	16023	None
rosella_refined_0_472	5.31	0.01	Neural Network (Specific Model)	11	0.91	5939	300.78225806451616	245210	0.45	248	47	24182	None
rosella_refined_0_473	8.86	0.28	Neural Network (Specific Model)	11	0.898	3288	240.58907363420428	337718	0.65	421	114	11370	None
rosella_refined_0_474	8.32	0.01	Neural Network (Specific Model)	11	0.876	5916	282.2918032786885	293941	0.64	305	63	16520	None
rosella_refined_0_475	10.56	0.28	Neural Network (Specific Model)	11	0.918	7259	295.98034934497815	442285	0.39	458	71	23650	None
rosella_refined_0_476	13.61	0.4	Neural Network (Specific Model)	11	0.917	6300	281.1764705882353	405651	0.39	442	66	16327	None
rosella_refined_0_477	4.27	0.0	Neural Network (Specific Model)	11	0.873	7197	292.23880597014926	201305	0.61	201	35	23284	None
rosella_refined_0_478	8.46	0.0	Neural Network (Specific Model)	11	0.886	4266	277.22754491017963	312907	0.63	334	75	15072	None
rosella_refined_0_479	7.7	0.0	Neural Network (Specific Model)	11	0.897	3977	264.91696750902526	244759	0.37	277	58	23013	None
rosella_refined_0_48	30.93	0.07	Neural Network (Specific Model)	11	0.915	143486	334.7731871838111	1299618	0.42	1186	14	275556	None
rosella_refined_0_480	6.97	0.0	Neural Network (Specific Model)	11	0.876	4666	253.36882129277566	227946	0.64	263	55	12229	None
rosella_refined_0_481	8.62	0.01	Neural Network (Specific Model)	11	0.879	4883	250.63498920086394	395194	0.55	463	92	22648	None
rosella_refined_0_482	8.41	0.06	Neural Network (Specific Model)	11	0.926	6632	294.2298850574713	248260	0.36	261	42	21996	None
rosella_refined_0_483	8.71	0.0	Neural Network (Specific Model)	11	0.88	6222	255.80730897009965	261907	0.61	301	50	21660	None
rosella_refined_0_485	7.36	0.0	Neural Network (Specific Model)	11	0.88	8219	284.90492957746477	275039	0.63	284	45	21238	None
rosella_refined_0_488	5.86	0.05	Neural Network (Specific Model)	11	0.895	6985	267.05309734513276	302506	0.53	339	52	17835	None
rosella_refined_0_489	7.32	0.06	Neural Network (Specific Model)	11	0.894	6845	268.73929961089493	231426	0.64	257	46	18870	None
rosella_refined_0_490	10.41	0.01	Neural Network (Specific Model)	11	0.913	6778	311.5509138381201	391322	0.39	383	65	19314	None
rosella_refined_0_491	12.47	0.43	Neural Network (Specific Model)	11	0.924	5790	295.28199052132703	403932	0.39	422	76	18733	None
rosella_refined_0_492	8.74	0.02	Neural Network (Specific Model)	11	0.886	7194	300.16042780748666	379592	0.63	374	64	16083	None
rosella_refined_0_493	7.63	0.0	Neural Network (Specific Model)	11	0.899	3348	243.6315789473684	324013	0.72	399	96	17769	None
rosella_refined_0_494	7.9	0.11	Neural Network (Specific Model)	11	0.884	5005	274.7985865724382	263144	0.6	283	56	18610	None
rosella_refined_0_495	9.1	0.01	Neural Network (Specific Model)	11	0.86	4516	229.79591836734693	234968	0.65	294	61	9737	None
rosella_refined_0_497	10.12	0.01	Neural Network (Specific Model)	11	0.839	8981	245.38910505836577	224584	0.52	257	34	15081	None
rosella_refined_0_499	5.39	0.0	Neural Network (Specific Model)	11	0.862	8465	269.2173913043478	214716	0.6	230	35	17515	None
rosella_refined_0_5	7.26	0.0	Neural Network (Specific Model)	11	0.883	97156	310.3645320197044	213816	0.42	203	4	103455	None
rosella_refined_0_50	57.76	6.95	Neural Network (Specific Model)	11	0.882	7703	271.61367906801956	2451808	0.58	2661	388	40556	None
rosella_refined_0_501	4.67	0.0	Neural Network (Specific Model)	11	0.884	6820	303.1981566820277	222843	0.63	217	39	17474	None
rosella_refined_0_503	9.86	0.1	Neural Network (Specific Model)	11	0.877	6468	297.34275618374556	287244	0.63	283	52	15950	None
rosella_refined_0_504	9.84	0.01	Neural Network (Specific Model)	11	0.907	5722	271.33970276008495	421576	0.43	471	88	13154	None
rosella_refined_0_505	22.55	0.22	Neural Network (Specific Model)	11	0.893	3921	254.58174904942965	897418	0.5	1052	249	9115	None
rosella_refined_0_506	10.94	0.01	Neural Network (Specific Model)	11	0.929	5513	310.88607594936707	237471	0.66	237	52	11446	None
rosella_refined_0_507	8.01	0.0	Neural Network (Specific Model)	11	0.925	5100	301.59215686274507	249090	0.43	255	48	10641	None
rosella_refined_0_508	6.49	0.0	Neural Network (Specific Model)	11	0.867	5703	270.55871886120997	262287	0.59	281	46	14530	None
rosella_refined_0_509	14.5	0.11	Neural Network (Specific Model)	11	0.91	3107	238.23756906077347	283652	0.36	362	92	7267	None
rosella_refined_0_512	7.7	0.0	Neural Network (Specific Model)	11	0.925	4789	293.5882352941176	274571	0.38	289	61	12607	None
rosella_refined_0_513	11.36	0.13	Neural Network (Specific Model)	11	0.882	5795	294.9363449691992	487077	0.63	487	97	13430	None
rosella_refined_0_516	7.97	0.0	Neural Network (Specific Model)	11	0.918	3991	235.77257525083613	229420	0.38	299	62	9058	None
rosella_refined_0_517	8.55	0.01	Neural Network (Specific Model)	11	0.867	3710	270.4395280235988	316229	0.64	339	89	9465	None
rosella_refined_0_518	7.66	0.0	Neural Network (Specific Model)	11	0.936	3870	268.84274193548384	212807	0.38	248	58	7138	None
rosella_refined_0_52	13.24	0.0	Neural Network (Specific Model)	11	0.893	259903	296.9898734177215	393790	0.65	395	9	259903	None
rosella_refined_0_520	8.23	0.0	Neural Network (Specific Model)	11	0.868	5371	282.4353448275862	226070	0.64	232	52	9052	None
rosella_refined_0_53	39.89	0.06	Gradient Boost (General Model)	11	0.888	115379	360.8587570621469	1509475	0.44	1239	17	242138	None
rosella_refined_0_6	9.78	0.01	Neural Network (Specific Model)	11	0.894	35288	308.42292490118575	261590	0.61	253	11	103873	None
rosella_refined_0_7	5.56	0.0	Neural Network (Specific Model)	11	0.898	71006	261.99632352941177	236744	0.42	272	5	71224	None
rosella_refined_0_70	12.41	0.01	Neural Network (Specific Model)	11	0.876	38289	357.23617021276596	574288	0.44	470	18	75180	None
rosella_refined_0_8	41.52	0.06	Neural Network (Specific Model)	11	0.919	103465	345.6969135802469	1824006	0.42	1620	25	272308	None
rosella_refined_0_80	6.17	0.0	Neural Network (Specific Model)	11	0.882	61096	319.5282051282051	211504	0.42	195	5	86386	None
rosella_refined_0_81	34.15	3.25	Neural Network (Specific Model)	11	0.886	6951	275.46546961325964	2022886	0.62	2172	352	36557	None
rosella_refined_0_82	4.96	0.0	Neural Network (Specific Model)	11	0.876	64809	381.3763440860215	242640	0.43	186	5	72411	None
rosella_refined_0_84	6.03	0.0	Neural Network (Specific Model)	11	0.892	31229	311.0857142857143	255721	0.55	245	13	58844	None
rosella_refined_0_85	7.85	0.0	Neural Network (Specific Model)	11	0.9	217625	343.59044368600684	335200	0.51	293	2	217625	None
rosella_refined_0_86	7.37	0.01	Neural Network (Specific Model)	11	0.873	76398	321.6934673366834	219793	0.51	199	4	81139	None
rosella_refined_0_87	7.31	0.0	Neural Network (Specific Model)	11	0.876	56713	321.9236111111111	316932	0.51	288	6	112342	None
rosella_refined_0_89	7.45	0.0	Neural Network (Specific Model)	11	0.882	43044	318.3941605839416	296375	0.52	274	13	132867	None
rosella_refined_0_9	57.79	0.1	Gradient Boost (General Model)	11	0.907	555511	371.7354877318971	2053245	0.42	1671	7	574859	None
rosella_refined_0_90	8.57	0.2	Neural Network (Specific Model)	11	0.856	34092	313.2462121212121	289417	0.5	264	18	50887	None
rosella_refined_0_92	7.42	0.07	Neural Network (Specific Model)	11	0.904	14804	263.9186746987952	289786	0.56	332	29	44812	None
rosella_refined_0_93	10.37	0.02	Neural Network (Specific Model)	11	0.934	198880	320.28134556574923	335755	0.41	327	3	198880	None
rosella_refined_0_94	7.19	0.0	Neural Network (Specific Model)	11	0.866	9398	334.626213592233	238466	0.65	206	34	31336	None
rosella_refined_0_95	9.73	0.0	Neural Network (Specific Model)	11	0.893	171480	308.19384615384615	335785	0.51	325	6	171480	None
rosella_refined_0_96	5.15	0.0	Neural Network (Specific Model)	11	0.865	6579	281.012987012987	299190	0.55	308	48	17541	None
rosella_refined_0_97	8.52	0.0	Neural Network (Specific Model)	11	0.876	17629	285.699604743083	246961	0.72	253	19	48562	None
rosella_refined_0_98	22.05	0.14	Neural Network (Specific Model)	11	0.872	9368	270.1929133858268	706598	0.65	762	111	35354	None
rosella_refined_0_99	8.22	0.0	Neural Network (Specific Model)	11	0.922	73119	339.9471544715447	271600	0.42	246	8	80489	None
rosella_refined_0_440	34.78	2.3	Neural Network (Specific Model)	11	0.867	6639	297.7082514734774	2092257	0.59	2036	376	33201	None
rosella_refined_0_487	8.96	0.03	Neural Network (Specific Model)	11	0.909	3066	246.2842105263158	231327	0.71	285	77	19736	None
rosella_refined_0_511	7.95	0.0	Neural Network (Specific Model)	11	0.891	3575	255.82793522267207	424367	0.66	494	127	13474	None
rosella_refined_0_515	4.8	0.0	Neural Network (Specific Model)	11	0.86	3394	241.01465201465203	228804	0.64	273	70	10636	None
rosella_refined_0_83	17.73	0.0	Neural Network (Specific Model)	11	0.89	207854	311.2022471910112	465860	0.6	445	4	219904	None
rosella_refined_0_91	29.05	0.08	Neural Network (Specific Model)	11	0.893	107444	316.8255033557047	1108434	0.51	1043	16	205111	None
